{
  "AK": [
    -152.02811702615406,
    55.232654543470495,
    "start",
    null,
    null
  ],
  "AL": [
    -86.73676905626117,
    32.115659230424164
  ],
  "AR": [
    -92.44680797044609,
    34.90116627918689
  ],
  "AZ": [
    -111.64908635313145,
    34.275395433911996
  ],
  "CA": [
    -119.14707378822644,
    35.89224546230981
  ],
  "CO": [
    -105.52715714013176,
    38.99693732976615
  ],
  "CT": [
    -70.90153402107084,
    39.92459921357433,
    "start",
    -72.49394906741843,
    41.21850608830103
  ],
  "DC": [
    -75.35945647523849,
    36.940737067279,
    "start"
  ],
  "DE": [
    -73.53632164443776,
    38.4225643238466,
    "start",
    -75.03216095400613,
    38.84030589550538
  ],
  "FL": [
    -83.1527591962364,
    28.44113901892532,
    "end"
  ],
  "GA": [
    -83.37157814486258,
    32.56811210196323
  ],
  "HI": [
    -157.01507384866954,
    19.951162206948236,
    "end",
    null,
    null
  ],
  "IA": [
    -93.48994505831635,
    42.086061231924624
  ],
  "ID": [
    -114.25502208072592,
    43.05819123594076
  ],
  "IL": [
    -89.19882537223967,
    40.04494472691595
  ],
  "IN": [
    -86.19418995564092,
    39.153409571514864,
    null,
    null,
    null
  ],
  "KS": [
    -98.36167826667395,
    38.49411961339464
  ],
  "KY": [
    -85.3614341881479,
    37.10730962879006
  ],
  "LA": [
    -91.70858114273756,
    30.116470503988833
  ],
  "MA": [
    -69.79408088425345,
    42.08985447453529,
    "start",
    -70.62622457302216,
    42.43523776877453
  ],
  "MD": [
    -73.85225849906604,
    37.52759876105642,
    "start",
    -75.12558058444455,
    38.18801944329718
  ],
  "ME": [
    -71.18577383813947,
    46.74203982464422,
    "end",
    -70.19933825001205,
    46.66816266567327
  ],
  "MI": [
    -84.47165324059893,
    43.06943920882836
  ],
  "MN": [
    -94.3054853881306,
    46.26879196072071
  ],
  "MO": [
    -92.46873785388622,
    38.37346511985913
  ],
  "MS": [
    -89.7706839133477,
    31.516699080274897,
    null
  ],
  "MT": [
    -109.61350542282938,
    47.039296205693276
  ],
  "NC": [
    -79.39395155492717,
    35.57212074381024
  ],
  "ND": [
    -100.4549144235579,
    47.44369435637008
  ],
  "NE": [
    -99.77007265059183,
    41.537940289733505
  ],
  "NH": [
    -71.72201830719867,
    45.89845207513257,
    "end",
    -71.21701851125141,
    45.34347170175282
  ],
  "NJ": [
    -73.20719759757334,
    39.48556329508328,
    "start",
    -73.99404447343804,
    39.99817844333381
  ],
  "NM": [
    -106.10737124220516,
    34.41069005738106
  ],
  "NV": [
    -116.64040707541194,
    39.32964989892358
  ],
  "NY": [
    -75.89403273579238,
    42.4065584311476,
    null,
    null,
    null
  ],
  "OH": [
    -82.79426178454348,
    40.2923838606888
  ],
  "OK": [
    -97.49327178886934,
    35.595776000070664
  ],
  "OR": [
    -120.55431854356172,
    43.93521463160352
  ],
  "PA": [
    -77.8344179323881,
    40.736567562746046,
    null,
    null,
    null
  ],
  "RI": [
    -70.6502661664857,
    40.60678383831338,
    "start",
    -71.54055093733194,
    41.336567383756176
  ],
  "SC": [
    -80.89470804141284,
    33.918599393192615
  ],
  "SD": [
    -100.22035135841381,
    44.44609065777986
  ],
  "TN": [
    -86.46241935462318,
    35.659154403700576
  ],
  "TX": [
    -99.32259657239386,
    31.488285085509702
  ],
  "UT": [
    -111.66791142655033,
    39.30826286277154
  ],
  "VA": [
    -78.52967235902926,
    37.26863880780501
  ],
  "VT": [
    -73.37620119834857,
    45.39356487466431,
    "end",
    -72.4058084343006,
    45.032227692311416
  ],
  "WA": [
    -120.09212810857686,
    47.05794768043045
  ],
  "WI": [
    -90.02225723905752,
    44.33539646583162
  ],
  "WV": [
    -80.6185649125196,
    38.648096189339235
  ],
  "WY": [
    -107.5355463970717,
    42.99159952443815
  ]
}